{"cameraMode":{"drawMode":0,"name":"Shaded","section":"Shading Mode"},"sceneLighting":true,"audioPlay":false,"sceneViewState":{"showFog":true,"showMaterialUpdate":false,"showSkybox":true,"showFlares":true,"showImageEffects":true,"showParticleSystems":true},"in2DMode":false,"pivot":{"x":151.48451232910157,"y":231.2193603515625,"z":-1.2206581830978394},"rotation":{"x":0.021459553390741349,"y":-0.4725855886936188,"z":0.01142293680459261,"w":0.8810790777206421},"size":360.7259216308594,"orthographic":false}